Job title,Company,Location
"Data Engineer - Python, React, API",American Express,"Bengaluru, Karnataka, India"
Technical Consultant,Razorpay,"Bengaluru, Karnataka, India"
"Data Engineer - Python, React, API",American Express,"Bengaluru, Karnataka, India"
Blockchain Engineer- Bengaluru,Everledger,"Bengaluru, Karnataka, India"
UI Engineer - Payments,Razorpay,"Bengaluru, Karnataka, India"
Full Stack Developer,Support Factory,"Bengaluru, Karnataka, India"
Full Stack Developers,CloudQ,"Trivandrum, Kerala, India"
Full Stack Engineer,ExamRoom.AI,Greater Bengaluru Area
GQ Data Analytics Engineer,Micron Technology,"Hyderabad, Telangana, India"
Fullstack Developer - ADCAT,HDFC Life,"Mumbai, Maharashtra, India"
Openings for AI Engineer/ ML  Full stack Developer,Vkonex AI,"Mumbai, Maharashtra, India"
Internship React and Javascript,Inteliyo,Remote
Software Development Engineer - lI (Web),Grofers,India
Backend Developer,IBM,Remote
Full Stack Engineer,FastApp Development,"Gurugram, Haryana, India"
Full-stack Developer,Riafy Technologies,Remote
Frontend Developer - React.js/Javascript,Impact Analytics,"Bengaluru, Karnataka, India"
Full Stack Engineer- Immediate Joiners,ModulusPi,India
Python Web Scraper,Gmware,Remote
Full Stack Engineer,smallcase,"Kerala, India"
React js Developer,LTI - Larsen & Toubro Infotech,"Bengaluru, Karnataka, India"
"Hiring Drive for JAVA & React Developers on 17th April, 2021",AVIZVA,"Hyderabad, Telangana, India"
Software Development Engineer – lll,Grofers,Remote
Senior Software Engineer - React,redBus,"Sahibzada Ajit Singh Nagar, Punjab, India"
Frontend Engineer,MakeMyTrip,"Bangalore Urban, Karnataka, India"
Full Stack Engineer,ExamRoom.AI,Greater Bengaluru Area
"Hiring Drive for JAVA & React Developers on 17th April, 2021",AVIZVA,"Gurugram, Haryana, India"
Full Stack Developers,CloudQ,"Trivandrum, Kerala, India"
Software Development Engineer – lll,Grofers,"Gurugram, Haryana, India"
Senior Software Engineer - React,redBus,Remote
Frontend Engineer,MakeMyTrip,"Bangalore Urban, Karnataka, India"
Full Stack Developer,Fractal,"Bengaluru, Karnataka, India"
Software Engineer- Python + React + Ansible,Telstra,"Bengaluru, Karnataka, India"
React Native Developer with 20000/- per month,Inteliyo,"Bengaluru, Karnataka, India"
React Native Developer,ValueLabs,India
Software Development Engineer - lI(Android),Grofers,Remote
Full Stack Engineer,Tatvic Analytics,"Hyderabad, Telangana, India"
Python Developer,ConnectWise,"Gurugram, Haryana, India"
Software Development Engineer -lI(React Native),Grofers,Remote
"SDE I - [Full Stack, React.js, Node.js, Javascript]",Collabera Inc.,"Ahmedabad, Gujarat, India"
Fronend Developer - React.js,Shopper.com,Remote
Software Engineer (React.js),Sequoia Applied Technologies,"Bengaluru, Karnataka, India"
React.js Engineer with Pragmatic approach,Acuments,"Gurugram, Haryana, India"
Software Development Engineer -lI (iOS),Grofers,Remote
Back End Developer,MoooFarm,"Gurugram, Haryana, India"
React-Native Developer,Inkoop,"Kochi, Kerala, India"
React Developer,Yugensys,"Trivandrum, Kerala, India"
React.JS Developer,Gaana,"Chennai, Tamil Nadu, India"
"Full Stack Developer (React, Java)",Tata Consultancy Services,"Gurugram, Haryana, India"
React Native,Unibook,Remote
Full Stack Python Developer,Rohini IT Consulting LLP,"Chennai, Tamil Nadu, India"
React Native Developer (2 - 5years),Appiness Interactive Pvt. Ltd.,"Bengaluru, Karnataka, India"
Full Stack Engineer,Gridlogics,Pune/Pimpri-Chinchwad Area
React Native Developer,Planet Smart City,"Pune, Maharashtra, India"
Software Engineer(React JS),Excelsoft Technologies,"Bengaluru, Karnataka, India"
Golang Developer,AVASOFT Inc,"Chennai, Tamil Nadu, India"
Software Development Engineer,nurture.farm,"Bengaluru, Karnataka, India"
React JS,,"Bengaluru, Karnataka, India"
Software Engineer - Android,nurture.farm,"Bengaluru, Karnataka, India"
Research SDE,Microsoft,"Bengaluru, Karnataka, India"
React Team Lead,Newgen Software,"Noida, Uttar Pradesh, India"
FullStack React Engineer with Redux & Jest,TipoTapp,"Hyderabad, Telangana, India"
React Developer,Peacock Engineering Ltd,Remote
React Native SDE I,Motabhaai Digital Solutions Pvt. Ltd.,"Bengaluru, Karnataka, India"
JavaScript Developer - React & NodeJS,datachai.ai,"Mumbai, Maharashtra, India"
Software Development Engineer III (Android),Grofers,"Bangalore Urban, Karnataka, India"
Backend Engineer,DotPe,"Gurugram, Haryana, India"
Back End Developer( Product Firms Only ),Brick&Bolt,Remote
Software Engineer,JPMorgan Chase & Co.,"Gurugram, Haryana, India"
Full Stack Engineer,,"Bengaluru, Karnataka, India"
React JS,,"Hyderabad, Telangana, India"
Node.js and React.js,ViHaVe.ai,"Hyderabad, Telangana, India"
React Developer,Annalect India,"Bengaluru, Karnataka, India"
Software Engineer - Frontend / React.js,Classplus,"Hyderabad, Telangana, India"
Javascript Developer (React JS),Walmart Global Tech India,"Bengaluru, Karnataka, India"
React Developer,Nyros Technologies,"East Godavari, Andhra Pradesh, India"
Software Engineer Intern,Newzera,"Indore, Madhya Pradesh, India"
React Native Developer,Infosys,"Trivandrum, Kerala, India"
"Blockchain Integration Engineer (Web3, React, Node, Solidity)","Titans Finance, Inc",India
Full-stack Developer,MNC Software,Remote
Software Engineer- React native,Tekion Corp,"Coimbatore, Tamil Nadu, India"
Senior Software Developer,Paytm Money,"Bengaluru, Karnataka, India"
React Developer,H5 Asia Pacific,"Bengaluru, Karnataka, India"
Full Stack Engineer,Marque berry,"Bengaluru, Karnataka, India"
Backend Engineer(Intern),Vengreso | Prospect Better. Sell More.,"Indore, Madhya Pradesh, India"
Full-stack Developer,,Remote
React Developer,,"Bengaluru, Karnataka, India"
Software Engineer - React JS,Datalligence - AI,"Trivandrum, Kerala, India"
Full Stack Engineer - Reactjs/Python,Fractal,India
React.JS Developer,IT Recruitment and HR Consultant,Remote
React JS Developer,Tarams,"Chennai, Tamil Nadu, India"
Full Stack Developer,IBM,"Mumbai, Maharashtra, India"
Frontend Developer (React),ONE Championship,"Mumbai, Maharashtra, India"
React Native Developer,Cloudix Inc.,"Bengaluru, Karnataka, India"
Full Stack Engineer(React+Node),delaPlex Private Limited,"Bengaluru, Karnataka, India"
React. JS Developer,EngineerBabu,"Bangalore Urban, Karnataka, India"
React Native Developer,SourceFuse Technologies,"Chennai, Tamil Nadu, India"
React Developer,Isha Foundation,Remote
React Redux Developer,Spiceblue,"Nagpur, Maharashtra, India"
Java Developer- React,Mindtree,"Indore, Madhya Pradesh, India"
